{"cameraMode":{"drawMode":0,"name":"Shaded","section":"Shading Mode"},"sceneLighting":false,"audioPlay":false,"sceneViewState":{"showFog":true,"showMaterialUpdate":false,"showSkybox":false,"showFlares":true,"showImageEffects":true,"showParticleSystems":true},"in2DMode":false,"pivot":{"x":-0.3663349151611328,"y":0.6990189552307129,"z":0.1833333969116211},"rotation":{"x":-0.10268018394708634,"y":0.805377721786499,"z":-0.14632262289524079,"w":-0.5652908682823181},"size":17.923587799072267,"orthographic":false}